{
  "classes": "[1, 2, 3, 4]",
  "fold_accuracies": [
    0.24731182795698925,
    0.3225806451612903,
    0.23655913978494625,
    0.34408602150537637,
    0.26881720430107525,
    0.27956989247311825,
    0.24731182795698925,
    0.3010752688172043,
    0.22826086956521738,
    0.2717391304347826,
    0.2826086956521739,
    0.22826086956521738,
    0.2717391304347826,
    0.29347826086956524,
    0.31521739130434784,
    0.33695652173913043,
    0.2717391304347826,
    0.20652173913043478,
    0.391304347826087,
    0.2717391304347826
  ],
  "fold_precision": [
    0.2543723439032364,
    0.33114035087719296,
    0.23268398268398266,
    0.35059523809523807,
    0.2712818979266348,
    0.25914661319073085,
    0.2537590579710145,
    0.3046897546897547,
    0.20525819023261477,
    0.27113136979897146,
    0.2858159392789374,
    0.2308531746031746,
    0.27012844611528825,
    0.28924242424242425,
    0.31483695652173915,
    0.3367918313570487,
    0.26548225402215214,
    0.19934116809116809,
    0.39672888386123684,
    0.26992673992673993
  ],
  "fold_recall": [
    0.24728260869565216,
    0.3238224637681159,
    0.2355072463768116,
    0.34375,
    0.26856884057971014,
    0.27563241106719366,
    0.24725296442687747,
    0.301600790513834,
    0.22450592885375495,
    0.26885375494071145,
    0.2838142292490119,
    0.23158102766798416,
    0.27306324110671937,
    0.2910869565217391,
    0.31555335968379444,
    0.33877470355731226,
    0.27343873517786565,
    0.20524538866930173,
    0.38792819499341236,
    0.2728919631093544
  ],
  "fold_f1": [
    0.24972129319955405,
    0.3112601801562388,
    0.2334887334887335,
    0.3452468995335078,
    0.2689118800820929,
    0.26573342116820375,
    0.2469881260385772,
    0.3004263459405558,
    0.2119543666646544,
    0.2681935817805383,
    0.2795665550382531,
    0.23028985507246374,
    0.2708622338990349,
    0.28748736729868807,
    0.3145580040526849,
    0.3373522458628842,
    0.2655924513766435,
    0.1994099767566601,
    0.3813375492996056,
    0.2706349206349206
  ],
  "fold_chance": [
    0.23655913978494625,
    0.20430107526881722,
    0.24731182795698925,
    0.27956989247311825,
    0.22580645161290322,
    0.23655913978494625,
    0.24731182795698925,
    0.17204301075268819,
    0.2717391304347826,
    0.17391304347826086,
    0.18478260869565216,
    0.25,
    0.2608695652173913,
    0.22826086956521738,
    0.30434782608695654,
    0.2826086956521739,
    0.2608695652173913,
    0.30434782608695654,
    0.21739130434782608,
    0.25
  ],
  "mean_acc": "0.28084385226741465",
  "sem_acc": "0.010076910912213912",
  "precision_mean": "0.27966033086946407",
  "precision_sem": "0.010940157185704454",
  "recall_mean": "0.28050774044795784",
  "recall_sem": "0.010065666144522995",
  "f1_mean": "0.2769507993672248",
  "f1_sem": "0.010115818460480333",
  "mean_chance": "0.24192964001870038",
  "sem_chance": "0.00857729193322311",
  "confusion_matrix": [
    [
      128,
      122,
      84,
      117
    ],
    [
      128,
      146,
      113,
      105
    ],
    [
      89,
      126,
      114,
      122
    ],
    [
      106,
      106,
      111,
      131
    ]
  ],
  "n_splits": "20"
}